Workbook

Sheet Calendar
A1: Date | B1: DayType | C1: MaintenanceHours | D1: ConstructionHours | E1: DailyMain | F1: DailyCons
A2: 46023 | B2: Stat | C2: 0 | D2: 0 | E2: {=IF($B2="Weekday",INDEX(targets!$G$2:$G$13,MONTH($A2)),0)} -> 0 | F2: {=IF($D2=10,INDEX(targets!$F$2:$F$13,MONTH($A2)),0)} -> 0
A3: 46024 | B3: Weekday | C3: 0 | D3: 10 | E3: {=IF($B3="Weekday",INDEX(targets!$G$2:$G$13,MONTH($A3)),0)} -> 0 | F3: {=IF($D3=10,INDEX(targets!$F$2:$F$13,MONTH($A3)),0)} -> 23.411765
A4: 46025 | B4: Weekend | C4: 0 | D4: 0 | E4: {=IF($B4="Weekday",INDEX(targets!$G$2:$G$13,MONTH($A4)),0)} -> 0 | F4: {=IF($D4=10,INDEX(targets!$F$2:$F$13,MONTH($A4)),0)} -> 0
A5: 46026 | B5: Weekend | C5: 0 | D5: 0 | E5: {=IF($B5="Weekday",INDEX(targets!$G$2:$G$13,MONTH($A5)),0)} -> 0 | F5: {=IF($D5=10,INDEX(targets!$F$2:$F$13,MONTH($A5)),0)} -> 0
A6: 46027 | B6: Weekday | C6: 0 | D6: 10 | E6: {=IF($B6="Weekday",INDEX(targets!$G$2:$G$13,MONTH($A6)),0)} -> 0 | F6: {=IF($D6=10,INDEX(targets!$F$2:$F$13,MONTH($A6)),0)} -> 23.411765
A7: 46028 | B7: Weekday | C7: 0 | D7: 10 | E7: {=IF($B7="Weekday",INDEX(targets!$G$2:$G$13,MONTH($A7)),0)} -> 0 | F7: {=IF($D7=10,INDEX(targets!$F$2:$F$13,MONTH($A7)),0)} -> 23.411765
A8: 46029 | B8: Weekday | C8: 0 | D8: 10 | E8: {=IF($B8="Weekday",INDEX(targets!$G$2:$G$13,MONTH($A8)),0)} -> 0 | F8: {=IF($D8=10,INDEX(targets!$F$2:$F$13,MONTH($A8)),0)} -> 23.411765
A9: 46030 | B9: Weekday | C9: 0 | D9: 10 | E9: {=IF($B9="Weekday",INDEX(targets!$G$2:$G$13,MONTH($A9)),0)} -> 0 | F9: {=IF($D9=10,INDEX(targets!$F$2:$F$13,MONTH($A9)),0)} -> 23.411765
A10: 46031 | B10: Weekday | C10: 0 | D10: 0 | E10: {=IF($B10="Weekday",INDEX(targets!$G$2:$G$13,MONTH($A10)),0)} -> 0 | F10: {=IF($D10=10,INDEX(targets!$F$2:$F$13,MONTH($A10)),0)} -> 0
A11: 46032 | B11: Weekend | C11: 0 | D11: 0 | E11: {=IF($B11="Weekday",INDEX(targets!$G$2:$G$13,MONTH($A11)),0)} -> 0 | F11: {=IF($D11=10,INDEX(targets!$F$2:$F$13,MONTH($A11)),0)} -> 0
A12: 46033 | B12: Weekend | C12: 0 | D12: 0 | E12: {=IF($B12="Weekday",INDEX(targets!$G$2:$G$13,MONTH($A12)),0)} -> 0 | F12: {=IF($D12=10,INDEX(targets!$F$2:$F$13,MONTH($A12)),0)} -> 0
A13: 46034 | B13: Weekday | C13: 0 | D13: 10 | E13: {=IF($B13="Weekday",INDEX(targets!$G$2:$G$13,MONTH($A13)),0)} -> 0 | F13: {=IF($D13=10,INDEX(targets!$F$2:$F$13,MONTH($A13)),0)} -> 23.411765
... A366: 46387 | B366: Weekday | C366: 0 | D366: 10 | E366: {=IF($B366="Weekday",INDEX(targets!$G$2:$G$13,MONTH($A366)),0)} -> 6.5454545 | F366: {=IF($D366=10,INDEX(targets!$F$2:$F$13,MONTH($A366)),0)} -> 20.947368
E367: =SUBTOTAL(109,Table2[DailyMain]) -> 30904 | F367: =SUBTOTAL(109,Table2[DailyCons]) -> 9954

Sheet targets
A1: Month | B1: Construction Hours | C1: Construction Revenue | D1: Maintenance Hours | E1: Maintenance Revenue | F1: DailyCon | G1: DailyMain | H1: MainWorkdays | I1: ConWorkdays
A2: 46048 | B2: 398 | C2: 64000 | D2: - | E2: $- | F2: =IFERROR(B2/$I2,0) -> 23.411765 | G2: =IFERROR(D2/$H2,0) -> 0 | H2: =COUNTIFS(Calendar!$B:$B,"Weekday",Calendar!$A:$A,">="&DATE(2026,ROW(A2)-1,1),Calendar!$A:$A,"<"&EOMONTH(DATE(2026,ROW(A2)-1,1),0)+1) -> 21 | I2: =COUNTIFS(Calendar!$D:$D,10,Calendar!$A:$A,">="&DATE(2026,ROW(A2)-1,1),Calendar!$A:$A,"<"&EOMONTH(DATE(2026,ROW(A2)-1,1),0)+1) -> 17
A3: 46079 | B3: 398 | C3: 64000 | D3: - | E3: $- | F3: =IFERROR(B3/$I3,0) -> 26.533333 | G3: =IFERROR(D3/$H3,0) -> 0 | H3: =COUNTIFS(Calendar!$B:$B,"Weekday",Calendar!$A:$A,">="&DATE(2026,ROW(A3)-1,1),Calendar!$A:$A,"<"&EOMONTH(DATE(2026,ROW(A3)-1,1),0)+1) -> 19 | I3: =COUNTIFS(Calendar!$D:$D,10,Calendar!$A:$A,">="&DATE(2026,ROW(A3)-1,1),Calendar!$A:$A,"<"&EOMONTH(DATE(2026,ROW(A3)-1,1),0)+1) -> 15
A4: 46107 | B4: 796 | C4: 128000 | D4: 2955 | E4: 233000 | F4: =IFERROR(B4/$I4,0) -> 44.222222 | G4: =IFERROR(D4/$H4,0) -> 134.31818 | H4: =COUNTIFS(Calendar!$B:$B,"Weekday",Calendar!$A:$A,">="&DATE(2026,ROW(A4)-1,1),Calendar!$A:$A,"<"&EOMONTH(DATE(2026,ROW(A4)-1,1),0)+1) -> 22 | I4: =COUNTIFS(Calendar!$D:$D,10,Calendar!$A:$A,">="&DATE(2026,ROW(A4)-1,1),Calendar!$A:$A,"<"&EOMONTH(DATE(2026,ROW(A4)-1,1),0)+1) -> 18
A5: 46138 | B5: 796 | C5: 128000 | D5: 3444 | E5: 273000 | F5: =IFERROR(B5/$I5,0) -> 41.894737 | G5: =IFERROR(D5/$H5,0) -> 164 | H5: =COUNTIFS(Calendar!$B:$B,"Weekday",Calendar!$A:$A,">="&DATE(2026,ROW(A5)-1,1),Calendar!$A:$A,"<"&EOMONTH(DATE(2026,ROW(A5)-1,1),0)+1) -> 21 | I5: =COUNTIFS(Calendar!$D:$D,10,Calendar!$A:$A,">="&DATE(2026,ROW(A5)-1,1),Calendar!$A:$A,"<"&EOMONTH(DATE(2026,ROW(A5)-1,1),0)+1) -> 19
A6: 46168 | B6: 1195 | C6: 192000 | D6: 3951 | E6: 326000 | F6: =IFERROR(B6/$I6,0) -> 70.294118 | G6: =IFERROR(D6/$H6,0) -> 197.55 | H6: =COUNTIFS(Calendar!$B:$B,"Weekday",Calendar!$A:$A,">="&DATE(2026,ROW(A6)-1,1),Calendar!$A:$A,"<"&EOMONTH(DATE(2026,ROW(A6)-1,1),0)+1) -> 20 | I6: =COUNTIFS(Calendar!$D:$D,10,Calendar!$A:$A,">="&DATE(2026,ROW(A6)-1,1),Calendar!$A:$A,"<"&EOMONTH(DATE(2026,ROW(A6)-1,1),0)+1) -> 17
A7: 46199 | B7: 1195 | C7: 192000 | D7: 3999 | E7: 319000 | F7: =IFERROR(B7/$I7,0) -> 66.388889 | G7: =IFERROR(D7/$H7,0) -> 181.77273 | H7: =COUNTIFS(Calendar!$B:$B,"Weekday",Calendar!$A:$A,">="&DATE(2026,ROW(A7)-1,1),Calendar!$A:$A,"<"&EOMONTH(DATE(2026,ROW(A7)-1,1),0)+1) -> 22 | I7: =COUNTIFS(Calendar!$D:$D,10,Calendar!$A:$A,">="&DATE(2026,ROW(A7)-1,1),Calendar!$A:$A,"<"&EOMONTH(DATE(2026,ROW(A7)-1,1),0)+1) -> 18
A8: 46229 | B8: 1095 | C8: 176000 | D8: 3660 | E8: 291000 | F8: =IFERROR(B8/$I8,0) -> 57.631579 | G8: =IFERROR(D8/$H8,0) -> 166.36364 | H8: =COUNTIFS(Calendar!$B:$B,"Weekday",Calendar!$A:$A,">="&DATE(2026,ROW(A8)-1,1),Calendar!$A:$A,"<"&EOMONTH(DATE(2026,ROW(A8)-1,1),0)+1) -> 22 | I8: =COUNTIFS(Calendar!$D:$D,10,Calendar!$A:$A,">="&DATE(2026,ROW(A8)-1,1),Calendar!$A:$A,"<"&EOMONTH(DATE(2026,ROW(A8)-1,1),0)+1) -> 19
A9: 46260 | B9: 1095 | C9: 176000 | D9: 3137 | E9: 248000 | F9: =IFERROR(B9/$I9,0) -> 60.833333 | G9: =IFERROR(D9/$H9,0) -> 156.85 | H9: =COUNTIFS(Calendar!$B:$B,"Weekday",Calendar!$A:$A,">="&DATE(2026,ROW(A9)-1,1),Calendar!$A:$A,"<"&EOMONTH(DATE(2026,ROW(A9)-1,1),0)+1) -> 20 | I9: =COUNTIFS(Calendar!$D:$D,10,Calendar!$A:$A,">="&DATE(2026,ROW(A9)-1,1),Calendar!$A:$A,"<"&EOMONTH(DATE(2026,ROW(A9)-1,1),0)+1) -> 18
A10: 46291 | B10: 996 | C10: 160000 | D10: 3294 | E10: 261000 | F10: =IFERROR(B10/$I10,0) -> 55.333333 | G10: =IFERROR(D10/$H10,0) -> 164.7 | H10: =COUNTIFS(Calendar!$B:$B,"Weekday",Calendar!$A:$A,">="&DATE(2026,ROW(A10)-1,1),Calendar!$A:$A,"<"&EOMONTH(DATE(2026,ROW(A10)-1,1),0)+1) -> 20 | I10: =COUNTIFS(Calendar!$D:$D,10,Calendar!$A:$A,">="&DATE(2026,ROW(A10)-1,1),Calendar!$A:$A,"<"&EOMONTH(DATE(2026,ROW(A10)-1,1),0)+1) -> 18
A11: 46321 | B11: 796 | C11: 128000 | D11: 3596 | E11: 285000 | F11: =IFERROR(B11/$I11,0) -> 44.222222 | G11: =IFERROR(D11/$H11,0) -> 171.2381 | H11: =COUNTIFS(Calendar!$B:$B,"Weekday",Calendar!$A:$A,">="&DATE(2026,ROW(A11)-1,1),Calendar!$A:$A,"<"&EOMONTH(DATE(2026,ROW(A11)-1,1),0)+1) -> 21 | I11: =COUNTIFS(Calendar!$D:$D,10,Calendar!$A:$A,">="&DATE(2026,ROW(A11)-1,1),Calendar!$A:$A,"<"&EOMONTH(DATE(2026,ROW(A11)-1,1),0)+1) -> 18
A12: 46352 | B12: 796 | C12: 128000 | D12: 2724 | E12: 210000 | F12: =IFERROR(B12/$I12,0) -> 44.222222 | G12: =IFERROR(D12/$H12,0) -> 136.2 | H12: =COUNTIFS(Calendar!$B:$B,"Weekday",Calendar!$A:$A,">="&DATE(2026,ROW(A12)-1,1),Calendar!$A:$A,"<"&EOMONTH(DATE(2026,ROW(A12)-1,1),0)+1) -> 20 | I12: =COUNTIFS(Calendar!$D:$D,10,Calendar!$A:$A,">="&DATE(2026,ROW(A12)-1,1),Calendar!$A:$A,"<"&EOMONTH(DATE(2026,ROW(A12)-1,1),0)+1) -> 18
A13: 46382 | B13: 398 | C13: 64000 | D13: 144 | E13: 11000 | F13: =IFERROR(B13/$I13,0) -> 20.947368 | G13: =IFERROR(D13/$H13,0) -> 6.5454545 | H13: =COUNTIFS(Calendar!$B:$B,"Weekday",Calendar!$A:$A,">="&DATE(2026,ROW(A13)-1,1),Calendar!$A:$A,"<"&EOMONTH(DATE(2026,ROW(A13)-1,1),0)+1) -> 22 | I13: =COUNTIFS(Calendar!$D:$D,10,Calendar!$A:$A,">="&DATE(2026,ROW(A13)-1,1),Calendar!$A:$A,"<"&EOMONTH(DATE(2026,ROW(A13)-1,1),0)+1) -> 19
B14: =SUM(B2:B13) -> 9954 | D14: =SUM(D4:D13) -> 30904
